[{"metadata":{"version":4.6,"type":"Object","generator":"Object3D.toJSON"},"object":{"uuid":"3a40ffa1-d395-4eee-a0f7-c69f99f56fbc","type":"AmbientLight","name":"AmbientLight","layers":1,"matrix":[1,0,0,0,0,1,0,0,0,0,1,0,0,1.7225755117708488,-0.5938625708426732,1],"up":[0,1,0],"color":16775933,"intensity":1.7}},{"metadata":{"version":4.6,"type":"Object","generator":"Object3D.toJSON"},"object":{"uuid":"fef710dc-a9bc-4534-b62a-19f3db9ce5a9","type":"DirectionalLight","name":"DirectionalLight","layers":1,"matrix":[1,0,0,0,0,1,0,0,0,0,1,0,0.5882589988962383,0.6059925783145643,4.397140579044836,1],"up":[0,1,0],"color":15791103,"intensity":2.1,"shadow":{"camera":{"uuid":"f2252d7c-a4ed-464b-8310-88752f36a229","type":"OrthographicCamera","layers":1,"up":[0,1,0],"zoom":1,"left":-5,"right":5,"top":5,"bottom":-5,"near":0.5,"far":500}}}},{"metadata":{"version":4.6,"type":"Object","generator":"Object3D.toJSON"},"object":{"uuid":"802b0c24-abe5-44cc-932f-ce2117c6cfe1","type":"PointLight","name":"PointLight","layers":1,"matrix":[0.9364249935211332,0.23759479594001218,0.2581800620713569,0,-0.25997332983564153,-0.024319320296798393,0.9653095039594659,0,0.23563127823596436,-0.9710598764249946,0.03899509090077691,0,0.22,2.3636434374150794,2.1633533782339534,1],"up":[0,1,0],"color":15070207,"intensity":0.84,"distance":3.46,"decay":0.3,"shadow":{"camera":{"uuid":"fd7217bf-151d-45d5-b8ed-9d96fd40803d","type":"PerspectiveCamera","layers":1,"up":[0,1,0],"fov":90,"zoom":1,"near":0.5,"far":500,"focus":10,"aspect":1,"filmGauge":35,"filmOffset":0}}}},{"metadata":{"version":4.6,"type":"Object","generator":"Object3D.toJSON"},"object":{"uuid":"efbf80dc-7f8a-4a0f-a4df-fa21a522837d","type":"SpotLight","name":"SpotLight","layers":1,"matrix":[1,0,0,0,0,1,0,0,0,0,1,0,-8.163,2.323304403031241,-2.8250044479998397,1],"up":[0,1,0],"color":12508670,"intensity":89.08,"distance":0,"angle":0.614,"decay":1.78,"penumbra":0,"shadow":{"camera":{"uuid":"7753cab9-4e70-452c-934f-9f3f5ed51bbc","type":"PerspectiveCamera","layers":1,"up":[0,1,0],"fov":50,"zoom":1,"near":0.5,"far":500,"focus":10,"aspect":1,"filmGauge":35,"filmOffset":0}}}}]